<package>
	<id>com.supermamon.fullpackage</id>
	<name>Full Package</name>
	<version>2.0.0-1</version>
	<compatibility>
		<firmware>
			<miniOS>7.0</miniOS>
		</firmware>
	</compatibility>
	<dependencies>
		<package>mobilesubstrate</package>
	</dependencies>
	<descriptionlist>
		<description>This is an package will full depictions.</description>
		<description>It has more description lines.</description>
		<description><![CDATA[
		You can also have<br/> 
		a multi-line item.
		]]>
		</description>
	</descriptionlist>
	<screenshots>
		<screenshot>
			<description>This is a description for screenshot 1. It's Cydia!</description>
			<image>cydia.jpg</image>
		</screenshot>		
		<screenshot>
			<description>This is a description for screenshot 2. It's another Cydia!</description>
			<image>cydia.jpg</image>
		</screenshot>		
	</screenshots>
	<changelog>
		<change>Second release</change>
		<change>It has feature 1</change>
		<change>It has feature 2</change>
	</changelog>
	<links>
		<link>
			<name>/r/jailbreak</name>
			<url>https://www.reddit.com/r/jailbreak</url>
		</link>
	</links>
</package>